Sales Person,Country,Product,Date,Amount,Boxes Shipped
Jehu Rudeforth,UK,Mint Chip Choco,20220104,5320.00,180
Van Tuxwell,India,85% Dark Bars,20220801,7896.00,94
Gigi Bohling,India,Peanut Butter Cubes,20220707,4501.00,91
Jan Morforth,Australia,Peanut Butter Cubes,20220427,12726.00,342
Jehu Rudeforth,UK,Peanut Butter Cubes,20220224,13685.00,184
Van Tuxwell,India,Smooth Sliky Salty,20220606,5376.00,38
Oby Sorrel,UK,99% Dark & Pure,20220125,13685.00,176
Gunar Cockshoot,Australia,After Nines,20220324,3080.00,73
Jehu Rudeforth,New Zealand,50% Dark Bites,20220420,3990.00,59
Brien Boise,Australia,99% Dark & Pure,20220704,2835.00,102
Rafaelita Blaksland,UK,Smooth Sliky Salty,20220113,4704.00,62
Barr Faughny,USA,Orange Choco,20220310,3703.00,11
Mallorie Waber,Canada,Eclairs,20220113,1442.00,286
Karlen McCaffrey,New Zealand,Drinking Coco,20220728,168.00,156
Marney O'Breen,New Zealand,Peanut Butter Cubes,20220803,8379.00,173
Beverie Moffet,Australia,Organic Choco Syrup,20220126,6790.00,356
Van Tuxwell,Canada,Organic Choco Syrup,20220214,4067.00,42
Roddy Speechley,USA,Smooth Sliky Salty,20220405,3017.00,140
Beverie Moffet,Canada,Milk Bars,20220216,8799.00,250
Curtice Advani,UK,85% Dark Bars,20220608,1085.00,172
Brien Boise,Australia,Eclairs,20220627,6888.00,88
Gunar Cockshoot,USA,Spicy Special Slims,20220217,1267.00,157
Marney O'Breen,USA,After Nines,20220530,4753.00,163
Husein Augar,UK,Drinking Coco,20220314,3003.00,113
Kaine Padly,Australia,Eclairs,20220228,7672.00,115
Karlen McCaffrey,India,Fruit & Nut Bars,20220126,168.00,321
Roddy Speechley,Canada,Spicy Special Slims,20220209,1652.00,186
Husein Augar,USA,Eclairs,20220707,4025.00,112
Dennison Crosswaite,New Zealand,White Choc,20220705,9492.00,151
Dennison Crosswaite,New Zealand,Manuka Honey Choco,20220615,5061.00,301
Van Tuxwell,New Zealand,85% Dark Bars,20220524,1722.00,121
Rafaelita Blaksland,UK,99% Dark & Pure,20220629,12446.00,150
Wilone O'Kielt,Australia,Manuka Honey Choco,20220511,4284.00,94
Karlen McCaffrey,UK,Almond Choco,20220630,6839.00,133
Andria Kimpton,Canada,After Nines,20220511,2163.00,70
Roddy Speechley,USA,Manuka Honey Choco,20220722,9583.00,315
Andria Kimpton,UK,50% Dark Bites,20220824,2653.00,314
Kelci Walkden,New Zealand,After Nines,20220707,147.00,72
Camilla Castle,Australia,85% Dark Bars,20220519,3654.00,14
Karlen McCaffrey,India,Manuka Honey Choco,20220704,2443.00,581
Kelci Walkden,USA,After Nines,20220602,938.00,16
Karlen McCaffrey,USA,Raspberry Choco,20220415,14749.00,354
Mallorie Waber,Canada,Choco Coated Almonds,20220711,4781.00,241
Andria Kimpton,India,Spicy Special Slims,20220223,6307.00,142
Madelene Upcott,Canada,Almond Choco,20220822,7602.00,102
Kaine Padly,USA,Peanut Butter Cubes,20220216,6790.00,188
Van Tuxwell,USA,50% Dark Bites,20220113,9737.00,160
Curtice Advani,Australia,Milk Bars,20220214,6979.00,18
Roddy Speechley,India,Eclairs,20220610,4382.00,303
Curtice Advani,India,Fruit & Nut Bars,20220707,5243.00,176
Curtice Advani,Canada,Almond Choco,20220324,4865.00,70
Brien Boise,Australia,Fruit & Nut Bars,20220606,8575.00,23
Dotty Strutley,Australia,Drinking Coco,20220719,91.00,135
Beverie Moffet,USA,Raspberry Choco,20220419,14798.00,83
Marney O'Breen,India,85% Dark Bars,20220719,2205.00,179
Jehu Rudeforth,Canada,Drinking Coco,20220715,441.00,24
Ches Bonnell,New Zealand,Spicy Special Slims,20220214,3556.00,18
Brien Boise,Canada,99% Dark & Pure,20220518,16793.00,416
Barr Faughny,Australia,Fruit & Nut Bars,20220630,15421.00,55
Andria Kimpton,Australia,50% Dark Bites,20220602,4438.00,227
Andria Kimpton,Australia,Drinking Coco,20220628,1603.00,48
Marney O'Breen,Australia,Organic Choco Syrup,20220516,273.00,174
Kelci Walkden,Canada,Baker's Choco Chips,20220526,3073.00,302
Karlen McCaffrey,India,Almond Choco,20220706,6090.00,149
Oby Sorrel,India,99% Dark & Pure,20220527,10255.00,11
Wilone O'Kielt,Australia,Caramel Stuffed Bars,20220414,2030.00,11
Van Tuxwell,Australia,Organic Choco Syrup,20220810,19453.00,14
Camilla Castle,India,50% Dark Bites,20220704,9275.00,411
Oby Sorrel,India,Organic Choco Syrup,20220708,6181.00,56
Jan Morforth,USA,Peanut Butter Cubes,20220722,9037.00,102
Gigi Bohling,USA,Choco Coated Almonds,20220302,12313.00,103
Gigi Bohling,UK,Almond Choco,20220110,5642.00,9
Jehu Rudeforth,New Zealand,White Choc,20220311,2800.00,241
Andria Kimpton,New Zealand,Peanut Butter Cubes,20220620,959.00,265
Van Tuxwell,UK,Organic Choco Syrup,20220826,2002.00,214
Roddy Speechley,Canada,Milk Bars,20220713,609.00,32
Camilla Castle,USA,Spicy Special Slims,20220211,1274.00,244
Marney O'Breen,USA,Orange Choco,20220127,7595.00,181
Van Tuxwell,UK,99% Dark & Pure,20220131,4725.00,137
Camilla Castle,USA,White Choc,20220818,9681.00,24
Andria Kimpton,USA,Raspberry Choco,20220630,14504.00,21
Dotty Strutley,Australia,Fruit & Nut Bars,20220823,280.00,311
Brien Boise,New Zealand,Mint Chip Choco,20220801,63.00,181
Roddy Speechley,New Zealand,After Nines,20220525,8001.00,10
Roddy Speechley,Canada,Organic Choco Syrup,20220110,4032.00,82
Dennison Crosswaite,Australia,70% Dark Bites,20220207,5859.00,108
Karlen McCaffrey,USA,Orange Choco,20220512,11095.00,401
Madelene Upcott,Australia,Spicy Special Slims,20220307,7182.00,408
Dennison Crosswaite,Australia,85% Dark Bars,20220405,6881.00,420
Andria Kimpton,Canada,Caramel Stuffed Bars,20220103,7154.00,348
Dennison Crosswaite,UK,Eclairs,20220324,6188.00,270
Madelene Upcott,India,Raspberry Choco,20220707,4221.00,9
Van Tuxwell,USA,After Nines,20220726,630.00,264
Wilone O'Kielt,Australia,Organic Choco Syrup,20220707,1743.00,111
Karlen McCaffrey,Canada,50% Dark Bites,20220715,2919.00,65
Roddy Speechley,New Zealand,Orange Choco,20220401,49.00,97
Beverie Moffet,Australia,Eclairs,20220620,1827.00,6
Kelci Walkden,UK,Fruit & Nut Bars,20220629,13006.00,482
Marney O'Breen,USA,50% Dark Bites,20220615,1064.00,106
Husein Augar,USA,After Nines,20220408,11571.00,180
Dennison Crosswaite,Australia,Raspberry Choco,20220314,5740.00,31
Andria Kimpton,USA,Fruit & Nut Bars,20220715,1456.00,359
Kelci Walkden,India,Eclairs,20220419,5334.00,80
Marney O'Breen,USA,99% Dark & Pure,20220328,4151.00,296
Brien Boise,Canada,Spicy Special Slims,20220304,8106.00,101
Karlen McCaffrey,New Zealand,70% Dark Bites,20220802,126.00,40
Husein Augar,UK,Spicy Special Slims,20220825,4697.00,42
Marney O'Breen,USA,Almond Choco,20220225,7798.00,167
Kelci Walkden,India,Orange Choco,20220607,9408.00,138
Jan Morforth,India,Spicy Special Slims,20220412,1939.00,520
Ches Bonnell,India,Spicy Special Slims,20220706,10906.00,94
Kelci Walkden,UK,Smooth Sliky Salty,20220119,5929.00,175
Madelene Upcott,Australia,Fruit & Nut Bars,20220105,5579.00,92
Madelene Upcott,Canada,70% Dark Bites,20220124,10927.00,141
Wilone O'Kielt,Australia,Drinking Coco,20220406,623.00,283
Gunar Cockshoot,Australia,Fruit & Nut Bars,20220615,6013.00,21
Gigi Bohling,Canada,Baker's Choco Chips,20220128,1505.00,47
Kelci Walkden,India,Caramel Stuffed Bars,20220316,476.00,125
Rafaelita Blaksland,Australia,Drinking Coco,20220221,11550.00,396
Kelci Walkden,USA,Manuka Honey Choco,20220216,17318.00,87
Jehu Rudeforth,Canada,Spicy Special Slims,20220113,1848.00,27
Kelci Walkden,Australia,Eclairs,20220323,7273.00,547
Curtice Advani,Canada,Spicy Special Slims,20220616,854.00,118
Oby Sorrel,India,Raspberry Choco,20220414,6832.00,46
Kelci Walkden,UK,Eclairs,20220125,4606.00,57
Jan Morforth,India,Almond Choco,20220311,4466.00,22
Dotty Strutley,UK,Almond Choco,20220728,16114.00,96
Marney O'Breen,New Zealand,After Nines,20220309,1561.00,44
Husein Augar,Australia,Orange Choco,20220628,8897.00,188
Marney O'Breen,Australia,Milk Bars,20220728,2464.00,387
Kelci Walkden,Canada,99% Dark & Pure,20220815,4830.00,50
Kaine Padly,Australia,Manuka Honey Choco,20220112,2765.00,264
Beverie Moffet,New Zealand,White Choc,20220324,7126.00,7
Van Tuxwell,UK,Milk Bars,20220725,4263.00,90
Oby Sorrel,Canada,99% Dark & Pure,20220801,3605.00,403
Van Tuxwell,India,Organic Choco Syrup,20220516,19929.00,174
Roddy Speechley,India,Smooth Sliky Salty,20220810,5103.00,140
Jan Morforth,India,Eclairs,20220105,2541.00,27
Ches Bonnell,UK,Smooth Sliky Salty,20220711,5663.00,110
Wilone O'Kielt,USA,After Nines,20220425,392.00,30
Gigi Bohling,New Zealand,Fruit & Nut Bars,20220404,10976.00,121
Barr Faughny,USA,Raspberry Choco,20220412,9282.00,101
Wilone O'Kielt,New Zealand,85% Dark Bars,20220802,1827.00,117
Gigi Bohling,New Zealand,Manuka Honey Choco,20220628,8267.00,272
Ches Bonnell,Australia,Eclairs,20220705,4116.00,128
Rafaelita Blaksland,New Zealand,Choco Coated Almonds,20220607,2093.00,45
Brien Boise,New Zealand,Smooth Sliky Salty,20220118,1015.00,27
Brien Boise,Australia,Baker's Choco Chips,20220104,12516.00,212
Dennison Crosswaite,Australia,99% Dark & Pure,20220131,2758.00,18
Kelci Walkden,India,Almond Choco,20220314,3297.00,149
Camilla Castle,Australia,70% Dark Bites,20220429,6048.00,477
Oby Sorrel,India,Smooth Sliky Salty,20220207,10101.00,108
Kaine Padly,UK,Organic Choco Syrup,20220331,2282.00,178
Marney O'Breen,India,Caramel Stuffed Bars,20220316,4361.00,81
Karlen McCaffrey,UK,Eclairs,20220125,7798.00,196
Van Tuxwell,India,Baker's Choco Chips,20220620,3052.00,447
Gigi Bohling,UK,After Nines,20220329,8029.00,175
Curtice Advani,Australia,Orange Choco,20220712,854.00,136
Jehu Rudeforth,Canada,Smooth Sliky Salty,20220711,5460.00,138
Karlen McCaffrey,Canada,Smooth Sliky Salty,20220119,3017.00,184
Andria Kimpton,USA,85% Dark Bars,20220405,8911.00,82
Jehu Rudeforth,Canada,Milk Bars,20220221,7203.00,12
Rafaelita Blaksland,New Zealand,Caramel Stuffed Bars,20220520,13083.00,14
Mallorie Waber,Australia,Milk Bars,20220729,2779.00,104
Barr Faughny,USA,Fruit & Nut Bars,20220128,9058.00,46
Marney O'Breen,UK,Caramel Stuffed Bars,20220719,3549.00,112
Mallorie Waber,New Zealand,Manuka Honey Choco,20220413,9436.00,11
Roddy Speechley,India,Peanut Butter Cubes,20220211,10283.00,21
Roddy Speechley,New Zealand,Milk Bars,20220302,5446.00,116
Ches Bonnell,Australia,White Choc,20220302,1043.00,202
Van Tuxwell,USA,99% Dark & Pure,20220728,12586.00,6
Kelci Walkden,India,After Nines,20220107,1687.00,520
Brien Boise,UK,White Choc,20220412,5299.00,167
Van Tuxwell,Canada,Almond Choco,20220627,3213.00,72
Jehu Rudeforth,Australia,50% Dark Bites,20220114,5194.00,418
Karlen McCaffrey,UK,Baker's Choco Chips,20220207,4753.00,389
Jehu Rudeforth,Australia,Orange Choco,20220323,13706.00,26
Marney O'Breen,India,Peanut Butter Cubes,20220110,6489.00,146
Oby Sorrel,UK,Choco Coated Almonds,20220317,9324.00,41
Gigi Bohling,USA,Spicy Special Slims,20220121,10829.00,54
Barr Faughny,Australia,White Choc,20220704,8113.00,370
Kaine Padly,Canada,Peanut Butter Cubes,20220704,3269.00,176
Dotty Strutley,USA,Manuka Honey Choco,20220810,273.00,210
Dennison Crosswaite,Australia,50% Dark Bites,20220401,7287.00,12
Gigi Bohling,India,Raspberry Choco,20220222,2583.00,159
Camilla Castle,UK,White Choc,20220103,9982.00,187
Karlen McCaffrey,India,Drinking Coco,20220531,4795.00,233
Dotty Strutley,UK,99% Dark & Pure,20220103,9310.00,282
Husein Augar,New Zealand,Caramel Stuffed Bars,20220127,497.00,475
Barr Faughny,UK,50% Dark Bites,20220128,581.00,65
Curtice Advani,Australia,Organic Choco Syrup,20220628,3472.00,311
Husein Augar,UK,Choco Coated Almonds,20220302,4333.00,43
Wilone O'Kielt,Australia,After Nines,20220527,3325.00,26
Dennison Crosswaite,USA,Almond Choco,20220630,11718.00,84
Barr Faughny,Canada,Peanut Butter Cubes,20220607,2100.00,78
Kaine Padly,USA,70% Dark Bites,20220512,4018.00,100
Barr Faughny,New Zealand,Raspberry Choco,20220729,6468.00,66
Dennison Crosswaite,UK,White Choc,20220803,7238.00,265
Barr Faughny,India,Baker's Choco Chips,20220818,6454.00,141
Van Tuxwell,New Zealand,Smooth Sliky Salty,20220614,3115.00,42
Beverie Moffet,UK,White Choc,20220630,6475.00,76
Camilla Castle,New Zealand,Mint Chip Choco,20220613,1162.00,190
Ches Bonnell,UK,Orange Choco,20220427,14238.00,54
Jan Morforth,Australia,White Choc,20220727,3472.00,32
Mallorie Waber,Canada,85% Dark Bars,20220420,1428.00,424
Rafaelita Blaksland,India,Spicy Special Slims,20220104,8064.00,134
Ches Bonnell,Australia,Mint Chip Choco,20220221,9660.00,92
Karlen McCaffrey,Australia,White Choc,20220105,7357.00,48
Beverie Moffet,India,Drinking Coco,20220715,6055.00,46
Brien Boise,Australia,Choco Coated Almonds,20220525,5124.00,62
Karlen McCaffrey,Canada,Eclairs,20220420,3479.00,358
Gigi Bohling,USA,99% Dark & Pure,20220602,784.00,249
Marney O'Breen,UK,Smooth Sliky Salty,20220513,18991.00,88
Beverie Moffet,New Zealand,Baker's Choco Chips,20220803,1372.00,144
Beverie Moffet,Australia,Milk Bars,20220525,735.00,390
Van Tuxwell,UK,Raspberry Choco,20220316,6538.00,79
Jan Morforth,Australia,Orange Choco,20220704,3199.00,122
Jehu Rudeforth,India,50% Dark Bites,20220705,3472.00,135
Madelene Upcott,USA,After Nines,20220315,4571.00,430
Barr Faughny,UK,Raspberry Choco,20220822,5481.00,69
Ches Bonnell,Australia,70% Dark Bites,20220112,3136.00,125
Marney O'Breen,UK,Baker's Choco Chips,20220610,252.00,154
Kaine Padly,Australia,Peanut Butter Cubes,20220325,5460.00,286
Rafaelita Blaksland,India,Almond Choco,20220727,3395.00,99
Husein Augar,UK,Caramel Stuffed Bars,20220415,14938.00,433
Roddy Speechley,India,Orange Choco,20220627,4053.00,19
Jehu Rudeforth,UK,70% Dark Bites,20220414,5565.00,258
Husein Augar,Australia,Manuka Honey Choco,20220315,7161.00,92
Madelene Upcott,USA,Eclairs,20220318,8883.00,200
Brien Boise,India,Eclairs,20220429,1351.00,61
Mallorie Waber,New Zealand,White Choc,20220225,3171.00,246
Husein Augar,USA,Milk Bars,20220302,854.00,56
Van Tuxwell,Australia,Milk Bars,20220620,7910.00,87
Beverie Moffet,Canada,White Choc,20220715,9275.00,173
Dotty Strutley,Australia,50% Dark Bites,20220512,3108.00,252
Mallorie Waber,New Zealand,Organic Choco Syrup,20220701,5075.00,256
Husein Augar,USA,85% Dark Bars,20220808,378.00,54
Madelene Upcott,Australia,50% Dark Bites,20220725,7350.00,6
Wilone O'Kielt,UK,Drinking Coco,20220518,3388.00,55
Camilla Castle,India,Peanut Butter Cubes,20220715,11837.00,277
Curtice Advani,India,70% Dark Bites,20220705,2282.00,44
Mallorie Waber,USA,Manuka Honey Choco,20220704,5425.00,96
Dotty Strutley,UK,70% Dark Bites,20220620,1267.00,216
Gunar Cockshoot,Australia,Almond Choco,20220125,3752.00,424
Kaine Padly,New Zealand,Spicy Special Slims,20220701,7728.00,37
Gigi Bohling,USA,50% Dark Bites,20220413,2296.00,59
Beverie Moffet,UK,Smooth Sliky Salty,20220504,4403.00,76
Beverie Moffet,Australia,Baker's Choco Chips,20220804,3192.00,109
Beverie Moffet,India,70% Dark Bites,20220601,448.00,146
Jehu Rudeforth,UK,Choco Coated Almonds,20220422,4270.00,185
Kaine Padly,USA,50% Dark Bites,20220803,70.00,27
Ches Bonnell,USA,Orange Choco,20220610,1743.00,69
Gunar Cockshoot,UK,Manuka Honey Choco,20220627,6762.00,46
Marney O'Breen,Australia,Smooth Sliky Salty,20220103,3745.00,170
Marney O'Breen,India,After Nines,20220711,2639.00,179
Ches Bonnell,New Zealand,Milk Bars,20220817,4389.00,126
Rafaelita Blaksland,USA,Fruit & Nut Bars,20220118,2604.00,65
Ches Bonnell,India,Organic Choco Syrup,20220308,16569.00,99
Mallorie Waber,Australia,Orange Choco,20220307,14658.00,275
Husein Augar,India,70% Dark Bites,20220509,6454.00,157
Barr Faughny,New Zealand,85% Dark Bars,20220523,2100.00,157
Madelene Upcott,UK,Caramel Stuffed Bars,20220415,161.00,145
Gigi Bohling,Australia,Drinking Coco,20220727,2807.00,139
Marney O'Breen,Canada,Choco Coated Almonds,20220822,2639.00,406
Ches Bonnell,USA,70% Dark Bites,20220511,4571.00,122
Madelene Upcott,India,Organic Choco Syrup,20220126,4781.00,38
Barr Faughny,USA,50% Dark Bites,20220414,13034.00,117
Dennison Crosswaite,New Zealand,Mint Chip Choco,20220405,6454.00,417
Marney O'Breen,New Zealand,Smooth Sliky Salty,20220614,8484.00,57
Brien Boise,Canada,Almond Choco,20220413,4781.00,125
Beverie Moffet,Australia,White Choc,20220627,2240.00,166
Dotty Strutley,Australia,Eclairs,20220126,6979.00,3
Barr Faughny,UK,White Choc,20220705,1652.00,72
Beverie Moffet,Canada,Baker's Choco Chips,20220111,13447.00,95
Kelci Walkden,USA,White Choc,20220307,9422.00,22
Kaine Padly,Canada,50% Dark Bites,20220304,8687.00,100
Karlen McCaffrey,Canada,Organic Choco Syrup,20220715,2415.00,312
Kaine Padly,UK,Peanut Butter Cubes,20220511,6272.00,86
Karlen McCaffrey,USA,Milk Bars,20220127,4389.00,7
Karlen McCaffrey,India,Orange Choco,20220627,3122.00,149
Ches Bonnell,India,Smooth Sliky Salty,20220803,8043.00,18
Wilone O'Kielt,New Zealand,Mint Chip Choco,20220819,11662.00,242
Wilone O'Kielt,Australia,Fruit & Nut Bars,20220615,392.00,102
Dennison Crosswaite,UK,Peanut Butter Cubes,20220207,8925.00,158
Karlen McCaffrey,Australia,Almond Choco,20220708,7294.00,128
Dennison Crosswaite,India,Milk Bars,20220421,1526.00,96
Ches Bonnell,UK,Mint Chip Choco,20220408,2688.00,209
Husein Augar,Australia,50% Dark Bites,20220819,14889.00,52
Jan Morforth,India,Fruit & Nut Bars,20220504,2912.00,55
Mallorie Waber,USA,85% Dark Bars,20220511,2632.00,108
Mallorie Waber,USA,Eclairs,20220322,6328.00,51
Dennison Crosswaite,Canada,Spicy Special Slims,20220810,2527.00,216
Dennison Crosswaite,USA,Fruit & Nut Bars,20220504,1414.00,318
Kelci Walkden,USA,99% Dark & Pure,20220818,7714.00,238
Dotty Strutley,Canada,Raspberry Choco,20220803,4347.00,238
Marney O'Breen,New Zealand,Milk Bars,20220114,7490.00,315
Madelene Upcott,Australia,Choco Coated Almonds,20220408,2058.00,72
Kelci Walkden,UK,Orange Choco,20220801,3640.00,3
Dennison Crosswaite,Canada,Eclairs,20220315,455.00,45
Karlen McCaffrey,India,Mint Chip Choco,20220715,10990.00,184
Barr Faughny,New Zealand,Almond Choco,20220113,5558.00,127
Mallorie Waber,Australia,85% Dark Bars,20220826,2541.00,53
Ches Bonnell,Canada,Eclairs,20220110,1876.00,172
Gigi Bohling,Australia,White Choc,20220511,5523.00,87
Beverie Moffet,New Zealand,85% Dark Bars,20220830,11200.00,22
Kaine Padly,USA,Caramel Stuffed Bars,20220721,5593.00,122
Mallorie Waber,Australia,Almond Choco,20220801,7882.00,125
Brien Boise,Canada,85% Dark Bars,20220217,10241.00,259
Brien Boise,Australia,Drinking Coco,20220727,6832.00,156
Dotty Strutley,USA,Orange Choco,20220223,1379.00,107
Rafaelita Blaksland,Australia,50% Dark Bites,20220322,3010.00,40
Dennison Crosswaite,India,99% Dark & Pure,20220623,6888.00,311
Curtice Advani,UK,White Choc,20220201,1540.00,73
Kelci Walkden,Australia,After Nines,20220302,6916.00,288
Gigi Bohling,UK,Fruit & Nut Bars,20220406,1232.00,86
Gunar Cockshoot,Australia,Raspberry Choco,20220317,602.00,72
Curtice Advani,UK,Fruit & Nut Bars,20220624,10927.00,136
Barr Faughny,Canada,50% Dark Bites,20220719,10185.00,303
Curtice Advani,USA,Spicy Special Slims,20220711,1603.00,264
Brien Boise,India,Almond Choco,20220113,2170.00,218
Oby Sorrel,New Zealand,Smooth Sliky Salty,20220707,8673.00,60
Jan Morforth,India,85% Dark Bars,20220525,4760.00,418
Marney O'Breen,India,Fruit & Nut Bars,20220413,4753.00,151
Andria Kimpton,New Zealand,50% Dark Bites,20220302,3374.00,202
Gunar Cockshoot,Canada,Raspberry Choco,20220623,2058.00,126
Kelci Walkden,USA,Drinking Coco,20220726,6454.00,160
Van Tuxwell,Canada,White Choc,20220322,420.00,3
Rafaelita Blaksland,USA,Baker's Choco Chips,20220609,2863.00,58
Van Tuxwell,Australia,Caramel Stuffed Bars,20220517,5936.00,59
Ches Bonnell,New Zealand,Peanut Butter Cubes,20220304,889.00,273
Kelci Walkden,Canada,Milk Bars,20220707,16016.00,28
Dennison Crosswaite,Canada,Choco Coated Almonds,20220113,10479.00,118
Curtice Advani,Australia,Almond Choco,20220713,2912.00,75
Madelene Upcott,Australia,85% Dark Bars,20220616,1575.00,329
Gigi Bohling,UK,50% Dark Bites,20220718,8197.00,69
Ches Bonnell,UK,Manuka Honey Choco,20220530,4221.00,395
Gigi Bohling,UK,70% Dark Bites,20220621,840.00,81
Jehu Rudeforth,Australia,Peanut Butter Cubes,20220624,5691.00,38
Marney O'Breen,India,Eclairs,20220113,3472.00,96
Curtice Advani,Canada,Fruit & Nut Bars,20220404,4193.00,195
Kaine Padly,UK,Smooth Sliky Salty,20220608,9016.00,554
Karlen McCaffrey,Canada,Spicy Special Slims,20220802,6328.00,47
Kelci Walkden,USA,Organic Choco Syrup,20220721,9870.00,152
Curtice Advani,India,Spicy Special Slims,20220620,161.00,134
Roddy Speechley,India,After Nines,20220622,2576.00,112
Camilla Castle,Australia,Caramel Stuffed Bars,20220502,3178.00,16
Curtice Advani,Australia,99% Dark & Pure,20220107,4676.00,84
Mallorie Waber,UK,50% Dark Bites,20220221,5502.00,99
Ches Bonnell,Canada,Baker's Choco Chips,20220321,7462.00,371
Van Tuxwell,UK,Drinking Coco,20220404,5803.00,136
Gunar Cockshoot,Canada,Fruit & Nut Bars,20220324,13888.00,203
Gunar Cockshoot,New Zealand,Spicy Special Slims,20220628,6867.00,183
Gunar Cockshoot,Australia,Drinking Coco,20220114,2317.00,195
Karlen McCaffrey,New Zealand,Fruit & Nut Bars,20220207,1218.00,135
Dennison Crosswaite,New Zealand,Drinking Coco,20220111,4109.00,197
Jehu Rudeforth,India,99% Dark & Pure,20220225,1953.00,242
Dotty Strutley,Australia,Mint Chip Choco,20220801,6790.00,25
Roddy Speechley,Australia,Mint Chip Choco,20220505,6797.00,252
Madelene Upcott,New Zealand,Raspberry Choco,20220518,9226.00,415
Dotty Strutley,New Zealand,Choco Coated Almonds,20220104,5733.00,348
Roddy Speechley,New Zealand,50% Dark Bites,20220509,4312.00,211
Rafaelita Blaksland,India,Smooth Sliky Salty,20220506,1638.00,81
Husein Augar,UK,White Choc,20220113,10815.00,145
Roddy Speechley,Australia,Almond Choco,20220624,4466.00,74
Van Tuxwell,USA,Caramel Stuffed Bars,20220214,987.00,21
Camilla Castle,Australia,99% Dark & Pure,20220118,4669.00,101
Kaine Padly,India,Milk Bars,20220502,2905.00,91
Ches Bonnell,Australia,Smooth Sliky Salty,20220516,7490.00,54
Mallorie Waber,USA,Almond Choco,20220128,6986.00,368
Kaine Padly,Canada,99% Dark & Pure,20220624,1288.00,409
Oby Sorrel,UK,After Nines,20220718,2345.00,104
Gunar Cockshoot,UK,Eclairs,20220413,3619.00,164
Dotty Strutley,USA,Caramel Stuffed Bars,20220415,16982.00,76
Jan Morforth,India,Peanut Butter Cubes,20220104,8092.00,178
Husein Augar,Australia,Eclairs,20220704,6993.00,31
Beverie Moffet,USA,Smooth Sliky Salty,20220324,2317.00,352
Camilla Castle,Australia,Manuka Honey Choco,20220317,637.00,169
Oby Sorrel,Australia,Almond Choco,20220215,6034.00,223
Jan Morforth,USA,Orange Choco,20220629,980.00,146
Gigi Bohling,USA,Fruit & Nut Bars,20220524,2821.00,112
Mallorie Waber,UK,Milk Bars,20220110,3563.00,284
Curtice Advani,USA,Raspberry Choco,20220315,2996.00,139
Marney O'Breen,Canada,Milk Bars,20220208,2436.00,309
Brien Boise,India,Caramel Stuffed Bars,20220225,1540.00,100
Gunar Cockshoot,USA,Eclairs,20220503,6916.00,42
Roddy Speechley,USA,Fruit & Nut Bars,20220614,5509.00,24
Gunar Cockshoot,India,50% Dark Bites,20220809,12992.00,83
Wilone O'Kielt,New Zealand,Manuka Honey Choco,20220711,3724.00,234
Kaine Padly,UK,Manuka Honey Choco,20220114,7133.00,118
Van Tuxwell,Canada,Manuka Honey Choco,20220224,8617.00,46
Wilone O'Kielt,New Zealand,Almond Choco,20220315,9198.00,144
Oby Sorrel,New Zealand,Baker's Choco Chips,20220425,11823.00,47
Dennison Crosswaite,Australia,Organic Choco Syrup,20220510,5775.00,41
Marney O'Breen,Australia,Spicy Special Slims,20220623,13125.00,275
Beverie Moffet,Canada,Smooth Sliky Salty,20220228,14287.00,370
Brien Boise,USA,Organic Choco Syrup,20220525,16233.00,138
Roddy Speechley,New Zealand,Baker's Choco Chips,20220222,5313.00,215
Van Tuxwell,UK,85% Dark Bars,20220711,3577.00,134
Marney O'Breen,Canada,Spicy Special Slims,20220103,3528.00,336
Rafaelita Blaksland,New Zealand,70% Dark Bites,20220824,679.00,280
Beverie Moffet,USA,50% Dark Bites,20220728,2450.00,352
Brien Boise,USA,Mint Chip Choco,20220525,10577.00,150
Karlen McCaffrey,New Zealand,Eclairs,20220506,2597.00,177
Barr Faughny,India,Drinking Coco,20220128,2219.00,142
Marney O'Breen,UK,Orange Choco,20220606,11319.00,12
Brien Boise,New Zealand,Baker's Choco Chips,20220712,5978.00,24
Ches Bonnell,Canada,Spicy Special Slims,20220805,5327.00,183
Brien Boise,USA,Orange Choco,20220128,6020.00,147
Kaine Padly,India,Spicy Special Slims,20220831,5614.00,137
Mallorie Waber,USA,50% Dark Bites,20220419,1736.00,13
Mallorie Waber,UK,Mint Chip Choco,20220629,6384.00,2
Beverie Moffet,India,Choco Coated Almonds,20220224,3577.00,261
Madelene Upcott,UK,Smooth Sliky Salty,20220304,14539.00,84
Gigi Bohling,India,Eclairs,20220621,3493.00,68
Rafaelita Blaksland,Australia,Organic Choco Syrup,20220126,994.00,105
Oby Sorrel,New Zealand,White Choc,20220610,4361.00,40
Andria Kimpton,UK,Drinking Coco,20220523,1554.00,65
Kelci Walkden,India,Milk Bars,20220415,966.00,107
Karlen McCaffrey,New Zealand,Caramel Stuffed Bars,20220131,5334.00,227
Andria Kimpton,New Zealand,Organic Choco Syrup,20220304,4935.00,39
Barr Faughny,New Zealand,After Nines,20220419,10024.00,84
Beverie Moffet,UK,Almond Choco,20220516,2506.00,100
Oby Sorrel,Australia,Raspberry Choco,20220217,1043.00,120
Dennison Crosswaite,USA,Raspberry Choco,20220118,6524.00,257
Roddy Speechley,Canada,Orange Choco,20220209,8148.00,85
Mallorie Waber,Canada,Orange Choco,20220323,3577.00,178
Madelene Upcott,New Zealand,Caramel Stuffed Bars,20220201,3374.00,151
Mallorie Waber,India,Drinking Coco,20220307,3948.00,142
Ches Bonnell,UK,White Choc,20220103,3269.00,226
Ches Bonnell,USA,White Choc,20220211,5271.00,341
Dennison Crosswaite,New Zealand,Orange Choco,20220316,4571.00,140
Dotty Strutley,India,White Choc,20220815,12327.00,330
Gigi Bohling,India,Manuka Honey Choco,20220512,4935.00,73
Van Tuxwell,India,Spicy Special Slims,20220411,6167.00,4
Jan Morforth,New Zealand,Mint Chip Choco,20220630,18340.00,285
Dotty Strutley,New Zealand,White Choc,20220615,7014.00,60
Rafaelita Blaksland,Canada,Caramel Stuffed Bars,20220801,7119.00,101
Kaine Padly,USA,Milk Bars,20220615,15491.00,58
Brien Boise,India,After Nines,20220616,5747.00,45
Oby Sorrel,New Zealand,Raspberry Choco,20220513,4550.00,281
Dennison Crosswaite,USA,Drinking Coco,20220510,2191.00,138
Oby Sorrel,India,Eclairs,20220825,5663.00,322
Ches Bonnell,New Zealand,Organic Choco Syrup,20220715,7623.00,85
Gigi Bohling,UK,Baker's Choco Chips,20220516,9023.00,409
Jan Morforth,Australia,50% Dark Bites,20220614,3402.00,182
Beverie Moffet,Australia,Smooth Sliky Salty,20220125,10507.00,467
Ches Bonnell,USA,Organic Choco Syrup,20220728,7721.00,14
Brien Boise,Canada,Mint Chip Choco,20220128,5033.00,178
Kaine Padly,UK,Orange Choco,20220629,1960.00,191
Karlen McCaffrey,Australia,70% Dark Bites,20220624,238.00,317
Gunar Cockshoot,Canada,Mint Chip Choco,20220701,7756.00,410
Roddy Speechley,USA,Peanut Butter Cubes,20220225,1736.00,137
Curtice Advani,Canada,Smooth Sliky Salty,20220801,2660.00,12
Oby Sorrel,Australia,Milk Bars,20220621,7672.00,254
Camilla Castle,New Zealand,Spicy Special Slims,20220125,11564.00,24
Gigi Bohling,UK,Milk Bars,20220517,1365.00,232
Andria Kimpton,Australia,85% Dark Bars,20220823,4186.00,233
Camilla Castle,Australia,Smooth Sliky Salty,20220303,7406.00,118
Roddy Speechley,India,Caramel Stuffed Bars,20220530,8911.00,543
Karlen McCaffrey,USA,Drinking Coco,20220629,112.00,223
Andria Kimpton,Canada,Organic Choco Syrup,20220104,8204.00,204
Jehu Rudeforth,Australia,Drinking Coco,20220114,2611.00,65
Karlen McCaffrey,USA,Mint Chip Choco,20220215,15652.00,53
Curtice Advani,New Zealand,Spicy Special Slims,20220110,4074.00,469
Madelene Upcott,USA,White Choc,20220504,12250.00,213
Andria Kimpton,USA,Spicy Special Slims,20220523,2366.00,5
Barr Faughny,New Zealand,Fruit & Nut Bars,20220426,1687.00,147
Oby Sorrel,Canada,Organic Choco Syrup,20220705,1232.00,74
Madelene Upcott,UK,Organic Choco Syrup,20220721,6965.00,163
Dotty Strutley,USA,Mint Chip Choco,20220221,5292.00,248
Kelci Walkden,USA,Orange Choco,20220203,1379.00,138
Gigi Bohling,Australia,Caramel Stuffed Bars,20220708,8001.00,151
Mallorie Waber,India,50% Dark Bites,20220531,588.00,139
Van Tuxwell,New Zealand,Mint Chip Choco,20220627,4046.00,103
Van Tuxwell,India,50% Dark Bites,20220513,5103.00,129
Van Tuxwell,USA,Manuka Honey Choco,20220531,2317.00,102
Wilone O'Kielt,USA,Orange Choco,20220228,7042.00,37
Barr Faughny,New Zealand,Eclairs,20220328,6713.00,31
Gigi Bohling,USA,After Nines,20220114,1848.00,227
Barr Faughny,New Zealand,Mint Chip Choco,20220221,6440.00,145
Dennison Crosswaite,Canada,85% Dark Bars,20220801,10885.00,90
Beverie Moffet,New Zealand,Smooth Sliky Salty,20220519,2387.00,59
Husein Augar,USA,White Choc,20220713,2030.00,60
Andria Kimpton,Australia,Peanut Butter Cubes,20220420,6678.00,148
Dennison Crosswaite,India,85% Dark Bars,20220630,4515.00,22
Curtice Advani,UK,50% Dark Bites,20220308,3374.00,142
Gunar Cockshoot,USA,Fruit & Nut Bars,20220309,5852.00,93
Oby Sorrel,Canada,Raspberry Choco,20220616,1750.00,208
Gigi Bohling,UK,Drinking Coco,20220630,5782.00,42
Kelci Walkden,India,Mint Chip Choco,20220728,2870.00,120
Karlen McCaffrey,Canada,Peanut Butter Cubes,20220812,3094.00,159
Barr Faughny,UK,Mint Chip Choco,20220707,3724.00,316
Barr Faughny,USA,85% Dark Bars,20220825,12761.00,47
Husein Augar,Canada,Eclairs,20220117,3696.00,233
Jan Morforth,Australia,70% Dark Bites,20220304,5222.00,384
Marney O'Breen,New Zealand,Fruit & Nut Bars,20220825,8939.00,4
Ches Bonnell,UK,Peanut Butter Cubes,20220415,2156.00,260
Kaine Padly,USA,Organic Choco Syrup,20220311,2380.00,22
Camilla Castle,USA,Raspberry Choco,20220520,3339.00,18
Brien Boise,New Zealand,Manuka Honey Choco,20220614,14980.00,42
Jehu Rudeforth,New Zealand,After Nines,20220414,1512.00,73
Jehu Rudeforth,USA,Smooth Sliky Salty,20220707,6657.00,154
Madelene Upcott,India,Mint Chip Choco,20220824,3836.00,71
Jehu Rudeforth,India,Eclairs,20220224,8771.00,127
Karlen McCaffrey,Canada,Raspberry Choco,20220509,651.00,224
Kaine Padly,Australia,70% Dark Bites,20220208,6706.00,223
Roddy Speechley,UK,70% Dark Bites,20220324,1421.00,284
Rafaelita Blaksland,USA,Drinking Coco,20220620,8526.00,73
Mallorie Waber,Canada,Manuka Honey Choco,20220307,1435.00,112
Kaine Padly,Australia,Fruit & Nut Bars,20220620,7434.00,85
Oby Sorrel,New Zealand,Organic Choco Syrup,20220217,15316.00,270
Madelene Upcott,UK,99% Dark & Pure,20220126,10479.00,45
Madelene Upcott,Australia,Mint Chip Choco,20220502,2751.00,153
Curtice Advani,Canada,99% Dark & Pure,20220707,12586.00,7
Rafaelita Blaksland,Australia,Baker's Choco Chips,20220822,2786.00,51
Karlen McCaffrey,Australia,After Nines,20220811,2303.00,67
Marney O'Breen,UK,99% Dark & Pure,20220113,8113.00,194
Gunar Cockshoot,Australia,50% Dark Bites,20220302,12271.00,116
Marney O'Breen,Australia,Choco Coated Almonds,20220727,11298.00,41
Kelci Walkden,New Zealand,Drinking Coco,20220310,15855.00,111
Beverie Moffet,USA,85% Dark Bars,20220823,12404.00,334
Roddy Speechley,USA,Eclairs,20220425,3990.00,155
Dennison Crosswaite,UK,Milk Bars,20220307,10808.00,407
Wilone O'Kielt,UK,Organic Choco Syrup,20220712,4858.00,52
Madelene Upcott,USA,Orange Choco,20220516,7742.00,138
Gunar Cockshoot,India,Smooth Sliky Salty,20220302,3752.00,70
Marney O'Breen,New Zealand,85% Dark Bars,20220530,1218.00,149
Marney O'Breen,UK,Manuka Honey Choco,20220610,10983.00,179
Brien Boise,USA,99% Dark & Pure,20220725,6769.00,353
Beverie Moffet,New Zealand,Mint Chip Choco,20220609,4361.00,97
Dennison Crosswaite,USA,Milk Bars,20220512,777.00,60
Gunar Cockshoot,USA,Drinking Coco,20220509,3843.00,5
Brien Boise,Canada,Manuka Honey Choco,20220809,6930.00,182
Van Tuxwell,India,Choco Coated Almonds,20220413,5733.00,114
Andria Kimpton,USA,Caramel Stuffed Bars,20220502,8393.00,46
Dotty Strutley,USA,99% Dark & Pure,20220809,3822.00,320
Camilla Castle,Australia,Raspberry Choco,20220823,6342.00,178
Gunar Cockshoot,India,Spicy Special Slims,20220513,6510.00,170
Karlen McCaffrey,USA,Manuka Honey Choco,20220201,10171.00,67
Camilla Castle,USA,50% Dark Bites,20220623,5908.00,301
Madelene Upcott,UK,Choco Coated Almonds,20220524,10164.00,134
Jan Morforth,Canada,Mint Chip Choco,20220401,1064.00,211
Camilla Castle,Canada,70% Dark Bites,20220727,9716.00,151
Ches Bonnell,India,Peanut Butter Cubes,20220127,22050.00,208
Jan Morforth,India,Choco Coated Almonds,20220812,2541.00,134
Gigi Bohling,Canada,Almond Choco,20220201,9989.00,49
Rafaelita Blaksland,India,After Nines,20220302,4739.00,204
Kelci Walkden,Australia,99% Dark & Pure,20220630,3185.00,34
Dotty Strutley,Australia,Spicy Special Slims,20220117,8225.00,91
Brien Boise,USA,Milk Bars,20220707,14301.00,130
Mallorie Waber,New Zealand,Mint Chip Choco,20220131,1316.00,107
Beverie Moffet,UK,99% Dark & Pure,20220810,3486.00,121
Beverie Moffet,USA,Peanut Butter Cubes,20220818,13930.00,339
Brien Boise,New Zealand,White Choc,20220615,5509.00,321
Marney O'Breen,USA,Baker's Choco Chips,20220126,8470.00,9
Kelci Walkden,USA,Spicy Special Slims,20220429,77.00,69
Mallorie Waber,Canada,White Choc,20220303,3381.00,72
Kaine Padly,Australia,Almond Choco,20220222,4102.00,392
Oby Sorrel,USA,Smooth Sliky Salty,20220304,3577.00,158
Dennison Crosswaite,India,Smooth Sliky Salty,20220707,2975.00,9
Camilla Castle,New Zealand,Caramel Stuffed Bars,20220617,4137.00,347
Jan Morforth,Canada,Caramel Stuffed Bars,20220802,9541.00,114
Oby Sorrel,USA,Baker's Choco Chips,20220812,8001.00,120
Madelene Upcott,New Zealand,Peanut Butter Cubes,20220128,5152.00,333
Kelci Walkden,Australia,Orange Choco,20220429,11116.00,432
Marney O'Breen,Australia,Manuka Honey Choco,20220405,13076.00,236
Kaine Padly,Canada,Manuka Honey Choco,20220118,10213.00,135
Jehu Rudeforth,UK,Baker's Choco Chips,20220516,2485.00,97
Kelci Walkden,Australia,White Choc,20220824,8715.00,168
Curtice Advani,India,85% Dark Bars,20220118,273.00,402
Kaine Padly,USA,Eclairs,20220822,7623.00,10
Gunar Cockshoot,UK,99% Dark & Pure,20220307,7.00,84
Beverie Moffet,UK,Choco Coated Almonds,20220304,3010.00,69
Dotty Strutley,Canada,Manuka Honey Choco,20220422,11550.00,111
Kaine Padly,Australia,Milk Bars,20220609,4046.00,89
Jan Morforth,Canada,Fruit & Nut Bars,20220725,8904.00,199
Jan Morforth,India,Smooth Sliky Salty,20220803,11298.00,89
Rafaelita Blaksland,Australia,Manuka Honey Choco,20220803,4396.00,131
Jehu Rudeforth,UK,Milk Bars,20220503,12068.00,227
Husein Augar,Canada,After Nines,20220119,9772.00,301
Roddy Speechley,USA,50% Dark Bites,20220211,10458.00,316
Van Tuxwell,India,Almond Choco,20220614,6426.00,390
Kelci Walkden,USA,50% Dark Bites,20220323,6188.00,223
Madelene Upcott,Canada,85% Dark Bars,20220217,7504.00,101
Dennison Crosswaite,Canada,Smooth Sliky Salty,20220317,1750.00,479
Mallorie Waber,Australia,Spicy Special Slims,20220629,5439.00,287
Ches Bonnell,Canada,Choco Coated Almonds,20220824,15547.00,269
Gigi Bohling,Canada,Spicy Special Slims,20220704,11956.00,277
Roddy Speechley,New Zealand,Almond Choco,20220328,2723.00,67
Curtice Advani,India,Smooth Sliky Salty,20220419,19327.00,135
Ches Bonnell,New Zealand,Mint Chip Choco,20220118,9058.00,229
Van Tuxwell,New Zealand,Fruit & Nut Bars,20220117,2996.00,88
Andria Kimpton,New Zealand,Mint Chip Choco,20220215,8848.00,211
Andria Kimpton,UK,Milk Bars,20220211,14336.00,293
Camilla Castle,USA,Manuka Honey Choco,20220321,16401.00,179
Gunar Cockshoot,New Zealand,Almond Choco,20220105,5173.00,129
Brien Boise,India,Raspberry Choco,20220530,6328.00,164
Jehu Rudeforth,USA,99% Dark & Pure,20220104,2534.00,219
Beverie Moffet,Australia,Fruit & Nut Bars,20220422,1435.00,258
Gigi Bohling,Canada,Milk Bars,20220210,3052.00,116
Dotty Strutley,India,Spicy Special Slims,20220812,910.00,204
Gunar Cockshoot,USA,Organic Choco Syrup,20220810,2331.00,321
Kelci Walkden,Australia,Raspberry Choco,20220607,679.00,56
Jehu Rudeforth,India,Baker's Choco Chips,20220606,2086.00,74
Karlen McCaffrey,New Zealand,Baker's Choco Chips,20220405,5012.00,189
Wilone O'Kielt,USA,50% Dark Bites,20220418,4501.00,131
Andria Kimpton,India,50% Dark Bites,20220131,13482.00,15
Madelene Upcott,USA,Baker's Choco Chips,20220822,5621.00,140
Jehu Rudeforth,Australia,99% Dark & Pure,20220225,10486.00,198
Jan Morforth,Australia,Mint Chip Choco,20220222,17626.00,103
Oby Sorrel,New Zealand,Milk Bars,20220112,4494.00,187
Brien Boise,UK,Almond Choco,20220525,105.00,125
Kelci Walkden,India,Smooth Sliky Salty,20220201,2464.00,8
Rafaelita Blaksland,UK,Eclairs,20220427,1379.00,70
Gigi Bohling,USA,Smooth Sliky Salty,20220722,2583.00,126
Curtice Advani,New Zealand,Mint Chip Choco,20220126,3220.00,265
Curtice Advani,USA,Mint Chip Choco,20220824,4802.00,296
Madelene Upcott,New Zealand,Fruit & Nut Bars,20220118,5677.00,21
Karlen McCaffrey,India,85% Dark Bars,20220330,945.00,83
Ches Bonnell,Australia,Caramel Stuffed Bars,20220117,8757.00,162
Kelci Walkden,USA,Fruit & Nut Bars,20220217,4816.00,145
Kelci Walkden,Canada,Peanut Butter Cubes,20220408,7532.00,44
Gigi Bohling,Canada,Drinking Coco,20220706,3549.00,82
Husein Augar,India,Fruit & Nut Bars,20220404,4340.00,226
Jan Morforth,New Zealand,Organic Choco Syrup,20220302,1799.00,207
Gigi Bohling,New Zealand,Raspberry Choco,20220809,1127.00,176
Dennison Crosswaite,Australia,Milk Bars,20220609,10038.00,286
Ches Bonnell,UK,Caramel Stuffed Bars,20220602,2926.00,300
Van Tuxwell,USA,Fruit & Nut Bars,20220705,6279.00,235
Andria Kimpton,Canada,Eclairs,20220811,308.00,125
Madelene Upcott,India,Choco Coated Almonds,20220211,3500.00,145
Kelci Walkden,New Zealand,Spicy Special Slims,20220811,658.00,65
Roddy Speechley,Australia,Drinking Coco,20220512,12565.00,102
Wilone O'Kielt,USA,Milk Bars,20220715,5012.00,93
Andria Kimpton,India,Organic Choco Syrup,20220118,3955.00,134
Madelene Upcott,UK,Fruit & Nut Bars,20220105,8512.00,189
Curtice Advani,Australia,50% Dark Bites,20220629,504.00,232
Brien Boise,Canada,Raspberry Choco,20220614,2800.00,45
Gunar Cockshoot,India,Mint Chip Choco,20220808,4256.00,67
Dennison Crosswaite,India,Mint Chip Choco,20220323,13573.00,138
Barr Faughny,India,Caramel Stuffed Bars,20220104,6566.00,99
Brien Boise,India,Milk Bars,20220222,13503.00,251
Beverie Moffet,UK,Spicy Special Slims,20220217,8680.00,252
Barr Faughny,USA,Almond Choco,20220203,385.00,78
Van Tuxwell,Canada,Raspberry Choco,20220317,1267.00,130
Wilone O'Kielt,Australia,Baker's Choco Chips,20220125,2961.00,154
Brien Boise,Australia,Milk Bars,20220727,1981.00,52
Husein Augar,Australia,Fruit & Nut Bars,20220128,7959.00,53
Madelene Upcott,Australia,Organic Choco Syrup,20220705,10794.00,50
Van Tuxwell,India,White Choc,20220315,1897.00,44
Gunar Cockshoot,Canada,After Nines,20220804,2744.00,200
Jan Morforth,USA,Fruit & Nut Bars,20220627,4382.00,361
Jan Morforth,Canada,After Nines,20220713,4515.00,172
Barr Faughny,New Zealand,Manuka Honey Choco,20220224,5474.00,239
Karlen McCaffrey,New Zealand,85% Dark Bars,20220628,6069.00,55
Oby Sorrel,Australia,85% Dark Bars,20220630,6944.00,27
Curtice Advani,Canada,Choco Coated Almonds,20220818,5859.00,7
Kaine Padly,India,70% Dark Bites,20220124,12173.00,301
Beverie Moffet,USA,White Choc,20220311,5292.00,134
Ches Bonnell,New Zealand,After Nines,20220623,5705.00,350
Husein Augar,India,Spicy Special Slims,20220822,2492.00,33
Gunar Cockshoot,Canada,50% Dark Bites,20220104,3024.00,23
Curtice Advani,India,Milk Bars,20220405,3437.00,201
Beverie Moffet,India,Milk Bars,20220415,1869.00,323
Husein Augar,Australia,White Choc,20220511,3171.00,220
Andria Kimpton,Canada,Manuka Honey Choco,20220721,4858.00,488
Jan Morforth,New Zealand,Orange Choco,20220211,1225.00,84
Andria Kimpton,Canada,Smooth Sliky Salty,20220708,1155.00,79
Gunar Cockshoot,UK,Raspberry Choco,20220811,6811.00,344
Husein Augar,New Zealand,After Nines,20220804,6433.00,7
Andria Kimpton,New Zealand,Orange Choco,20220614,8169.00,88
Dennison Crosswaite,UK,Baker's Choco Chips,20220117,2275.00,275
Jehu Rudeforth,Canada,Orange Choco,20220623,3857.00,512
Jehu Rudeforth,UK,Smooth Sliky Salty,20220824,1463.00,113
Andria Kimpton,UK,Caramel Stuffed Bars,20220607,7924.00,275
Jan Morforth,UK,White Choc,20220622,8799.00,47
Dotty Strutley,USA,Fruit & Nut Bars,20220713,2898.00,276
Kelci Walkden,UK,Choco Coated Almonds,20220524,9506.00,212
Gunar Cockshoot,New Zealand,After Nines,20220809,7175.00,145
Kaine Padly,Canada,85% Dark Bars,20220406,1729.00,31
Jan Morforth,New Zealand,Manuka Honey Choco,20220728,1589.00,271
Gunar Cockshoot,New Zealand,Raspberry Choco,20220824,630.00,52
Van Tuxwell,Australia,99% Dark & Pure,20220117,112.00,128
Curtice Advani,USA,Drinking Coco,20220207,5187.00,142
Brien Boise,Australia,Spicy Special Slims,20220509,6223.00,256
Mallorie Waber,New Zealand,85% Dark Bars,20220606,7714.00,106
Wilone O'Kielt,USA,Choco Coated Almonds,20220606,9457.00,6
Beverie Moffet,New Zealand,Organic Choco Syrup,20220524,6678.00,226
Gunar Cockshoot,UK,50% Dark Bites,20220113,2107.00,121
Marney O'Breen,USA,Raspberry Choco,20220523,6069.00,151
Jehu Rudeforth,UK,White Choc,20220629,1862.00,284
Jehu Rudeforth,New Zealand,85% Dark Bars,20220311,6972.00,89
Dotty Strutley,USA,85% Dark Bars,20220425,10220.00,508
Rafaelita Blaksland,Australia,Smooth Sliky Salty,20220530,3969.00,243
Curtice Advani,India,Manuka Honey Choco,20220523,1547.00,170
Mallorie Waber,USA,Peanut Butter Cubes,20220523,1162.00,18
Van Tuxwell,Canada,Peanut Butter Cubes,20220624,6342.00,282
Kelci Walkden,New Zealand,Smooth Sliky Salty,20220311,10633.00,277
Rafaelita Blaksland,USA,Smooth Sliky Salty,20220727,15057.00,212
Rafaelita Blaksland,USA,White Choc,20220816,4704.00,126
Roddy Speechley,Canada,Smooth Sliky Salty,20220307,9338.00,11
Curtice Advani,New Zealand,After Nines,20220405,7959.00,30
Camilla Castle,India,85% Dark Bars,20220504,9023.00,51
Ches Bonnell,USA,Choco Coated Almonds,20220104,14525.00,92
Marney O'Breen,Australia,Baker's Choco Chips,20220113,5810.00,101
Wilone O'Kielt,New Zealand,Fruit & Nut Bars,20220711,6426.00,98
Kaine Padly,Australia,Mint Chip Choco,20220517,4403.00,159
Camilla Castle,New Zealand,Peanut Butter Cubes,20220721,1582.00,62
Curtice Advani,Canada,Organic Choco Syrup,20220222,791.00,22
Jan Morforth,India,99% Dark & Pure,20220523,9100.00,187
Rafaelita Blaksland,Canada,Drinking Coco,20220712,9884.00,200
Jan Morforth,UK,Orange Choco,20220615,3780.00,201
Barr Faughny,New Zealand,50% Dark Bites,20220623,4557.00,308
Curtice Advani,Australia,Eclairs,20220325,5796.00,55
Jan Morforth,India,Caramel Stuffed Bars,20220704,84.00,153
Andria Kimpton,UK,White Choc,20220512,9037.00,101
Camilla Castle,New Zealand,Raspberry Choco,20220404,4746.00,137
Madelene Upcott,Australia,Orange Choco,20220415,6713.00,398
Roddy Speechley,Canada,Eclairs,20220308,6237.00,88
Karlen McCaffrey,India,White Choc,20220117,7483.00,232
Wilone O'Kielt,India,Mint Chip Choco,20220822,1309.00,51
Andria Kimpton,UK,99% Dark & Pure,20220725,1155.00,66
Marney O'Breen,UK,50% Dark Bites,20220614,2989.00,124
Ches Bonnell,India,Choco Coated Almonds,20220405,9625.00,78
Madelene Upcott,UK,Raspberry Choco,20220826,7357.00,341
Wilone O'Kielt,Australia,50% Dark Bites,20220803,10031.00,114
Gigi Bohling,Canada,White Choc,20220711,6587.00,4
Wilone O'Kielt,New Zealand,Eclairs,20220311,3311.00,22
Brien Boise,UK,Peanut Butter Cubes,20220110,15330.00,30
Roddy Speechley,UK,Baker's Choco Chips,20220404,14028.00,351
Karlen McCaffrey,Australia,50% Dark Bites,20220117,6678.00,708
Marney O'Breen,New Zealand,Organic Choco Syrup,20220708,8624.00,50
Jan Morforth,UK,Organic Choco Syrup,20220412,1197.00,356
Rafaelita Blaksland,Canada,Fruit & Nut Bars,20220824,483.00,185
Ches Bonnell,UK,Choco Coated Almonds,20220607,1687.00,236
Gunar Cockshoot,Canada,Almond Choco,20220728,1309.00,30
Husein Augar,USA,99% Dark & Pure,20220221,9534.00,111
Dennison Crosswaite,Canada,Mint Chip Choco,20220408,1694.00,289
Brien Boise,UK,Manuka Honey Choco,20220628,70.00,103
Van Tuxwell,UK,Baker's Choco Chips,20220324,2443.00,20
Barr Faughny,Australia,Caramel Stuffed Bars,20220729,2933.00,55
Dennison Crosswaite,USA,Eclairs,20220525,2044.00,90
Gigi Bohling,Australia,Raspberry Choco,20220330,6524.00,303
Dennison Crosswaite,USA,Organic Choco Syrup,20220718,12656.00,126
Beverie Moffet,Canada,Orange Choco,20220510,8722.00,109
Mallorie Waber,Australia,Choco Coated Almonds,20220318,15750.00,92
Ches Bonnell,India,Caramel Stuffed Bars,20220615,6839.00,56
Van Tuxwell,Canada,50% Dark Bites,20220512,13685.00,58
Kelci Walkden,New Zealand,Baker's Choco Chips,20220623,2912.00,110
Beverie Moffet,India,Spicy Special Slims,20220421,3339.00,171
Gigi Bohling,Australia,Almond Choco,20220817,910.00,117
Rafaelita Blaksland,New Zealand,Eclairs,20220207,19481.00,51
Kelci Walkden,Canada,Smooth Sliky Salty,20220317,8099.00,118
Jan Morforth,India,Baker's Choco Chips,20220801,13727.00,79
Jehu Rudeforth,Australia,Milk Bars,20220318,8659.00,29
Gigi Bohling,Canada,Fruit & Nut Bars,20220614,5782.00,103
Beverie Moffet,UK,Eclairs,20220422,8463.00,155
Marney O'Breen,New Zealand,Eclairs,20220118,4914.00,31
Husein Augar,Australia,99% Dark & Pure,20220826,3087.00,128
Gunar Cockshoot,New Zealand,Fruit & Nut Bars,20220610,9205.00,419
Curtice Advani,Canada,70% Dark Bites,20220131,2303.00,7
Kelci Walkden,New Zealand,Manuka Honey Choco,20220408,1358.00,106
Dotty Strutley,Australia,Baker's Choco Chips,20220607,3605.00,68
Barr Faughny,Australia,85% Dark Bars,20220210,8498.00,44
Beverie Moffet,Australia,50% Dark Bites,20220516,700.00,457
Gunar Cockshoot,India,Baker's Choco Chips,20220318,2191.00,524
Van Tuxwell,Australia,50% Dark Bites,20220713,644.00,137
Oby Sorrel,USA,Manuka Honey Choco,20220725,4340.00,86
Van Tuxwell,Canada,Choco Coated Almonds,20220819,2282.00,296
Karlen McCaffrey,Canada,70% Dark Bites,20220624,7714.00,597
Kelci Walkden,Canada,Fruit & Nut Bars,20220620,826.00,149
Camilla Castle,India,99% Dark & Pure,20220802,203.00,207
Madelene Upcott,New Zealand,70% Dark Bites,20220222,13356.00,93
Mallorie Waber,New Zealand,Orange Choco,20220201,6510.00,23
Jan Morforth,Canada,70% Dark Bites,20220214,5894.00,305
Kelci Walkden,Australia,Milk Bars,20220224,7910.00,125
Dennison Crosswaite,India,Orange Choco,20220318,784.00,129
Husein Augar,UK,Eclairs,20220830,1750.00,252
Gigi Bohling,USA,Peanut Butter Cubes,20220509,280.00,75
Wilone O'Kielt,USA,Smooth Sliky Salty,20220118,504.00,87
Curtice Advani,India,White Choc,20220704,7154.00,342
Oby Sorrel,New Zealand,Spicy Special Slims,20220603,1617.00,13
Beverie Moffet,New Zealand,Peanut Butter Cubes,20220223,10822.00,30
Dotty Strutley,New Zealand,99% Dark & Pure,20220509,10724.00,203
Kelci Walkden,India,70% Dark Bites,20220606,3640.00,106
Kelci Walkden,India,Drinking Coco,20220704,7532.00,234
Brien Boise,New Zealand,Drinking Coco,20220606,1582.00,100
Dotty Strutley,Australia,Almond Choco,20220513,1456.00,91
Wilone O'Kielt,New Zealand,Organic Choco Syrup,20220131,2016.00,277
Ches Bonnell,New Zealand,Caramel Stuffed Bars,20220630,7588.00,42
Barr Faughny,Canada,Manuka Honey Choco,20220825,3402.00,249
Gigi Bohling,New Zealand,Smooth Sliky Salty,20220110,700.00,97
Brien Boise,USA,Manuka Honey Choco,20220822,1904.00,8
Roddy Speechley,New Zealand,85% Dark Bars,20220414,4844.00,275
Oby Sorrel,UK,Smooth Sliky Salty,20220531,9625.00,313
Oby Sorrel,UK,Raspberry Choco,20220408,4599.00,323
Roddy Speechley,USA,Drinking Coco,20220221,3003.00,155
Andria Kimpton,Australia,Manuka Honey Choco,20220330,9744.00,377
Mallorie Waber,India,Raspberry Choco,20220302,1400.00,2
Jehu Rudeforth,USA,Orange Choco,20220728,364.00,170
Kaine Padly,New Zealand,70% Dark Bites,20220324,7231.00,38
Curtice Advani,Australia,After Nines,20220811,63.00,105
Husein Augar,UK,Almond Choco,20220517,8309.00,166
Kaine Padly,Canada,Choco Coated Almonds,20220518,3164.00,164
Roddy Speechley,UK,Peanut Butter Cubes,20220817,5691.00,171
Ches Bonnell,New Zealand,Eclairs,20220404,490.00,49
Brien Boise,India,85% Dark Bars,20220809,18032.00,205
Brien Boise,New Zealand,Organic Choco Syrup,20220117,637.00,313
Andria Kimpton,Canada,White Choc,20220214,4067.00,29
Gigi Bohling,New Zealand,Orange Choco,20220516,8204.00,307
Ches Bonnell,Canada,Smooth Sliky Salty,20220316,9870.00,121
Husein Augar,Canada,70% Dark Bites,20220131,5131.00,285
Barr Faughny,Canada,Organic Choco Syrup,20220310,1141.00,205
Oby Sorrel,UK,Organic Choco Syrup,20220630,7980.00,157
Van Tuxwell,New Zealand,Eclairs,20220301,5229.00,182
Mallorie Waber,UK,Drinking Coco,20220527,3423.00,100
Oby Sorrel,UK,Milk Bars,20220711,6468.00,223
Karlen McCaffrey,New Zealand,Mint Chip Choco,20220302,4326.00,61
Jehu Rudeforth,USA,Raspberry Choco,20220304,7154.00,133
Kelci Walkden,UK,85% Dark Bars,20220623,3997.00,228
Kelci Walkden,USA,Almond Choco,20220127,5180.00,233
Marney O'Breen,Canada,Orange Choco,20220114,2723.00,425
Dennison Crosswaite,India,Fruit & Nut Bars,20220729,952.00,24
Brien Boise,Canada,Smooth Sliky Salty,20220513,5691.00,495
Barr Faughny,Canada,Baker's Choco Chips,20220203,10969.00,170
Brien Boise,India,Smooth Sliky Salty,20220527,5964.00,26
Jan Morforth,Australia,Drinking Coco,20220218,2821.00,24
Brien Boise,India,Spicy Special Slims,20220128,1302.00,33
Van Tuxwell,UK,Eclairs,20220629,5474.00,109
Wilone O'Kielt,India,Caramel Stuffed Bars,20220113,4179.00,276
Jehu Rudeforth,UK,After Nines,20220627,1946.00,164
Barr Faughny,Canada,White Choc,20220329,4291.00,1
Gunar Cockshoot,India,Organic Choco Syrup,20220603,7196.00,160
Mallorie Waber,Canada,Smooth Sliky Salty,20220321,1939.00,98
Mallorie Waber,India,Eclairs,20220412,10437.00,46
Rafaelita Blaksland,Australia,Raspberry Choco,20220119,6916.00,259
Karlen McCaffrey,UK,50% Dark Bites,20220406,3647.00,310
Kaine Padly,Australia,50% Dark Bites,20220802,8995.00,78
Gigi Bohling,Australia,Eclairs,20220412,7252.00,136
Oby Sorrel,India,Drinking Coco,20220721,16380.00,130
Van Tuxwell,New Zealand,Baker's Choco Chips,20220322,9660.00,24
Husein Augar,India,Peanut Butter Cubes,20220509,4522.00,5
Andria Kimpton,Australia,Baker's Choco Chips,20220809,329.00,109
Madelene Upcott,Canada,Choco Coated Almonds,20220720,3458.00,294
Brien Boise,India,70% Dark Bites,20220414,4641.00,413
Jehu Rudeforth,Canada,White Choc,20220125,4627.00,136
Andria Kimpton,Australia,Almond Choco,20220425,3192.00,175
Dotty Strutley,Canada,After Nines,20220117,252.00,237
Karlen McCaffrey,USA,Eclairs,20220815,868.00,125
Karlen McCaffrey,Canada,Fruit & Nut Bars,20220602,210.00,16
Gunar Cockshoot,USA,85% Dark Bars,20220630,7007.00,135
Dotty Strutley,New Zealand,Raspberry Choco,20220210,5845.00,91
Marney O'Breen,Canada,Caramel Stuffed Bars,20220223,1372.00,614
Dennison Crosswaite,India,Organic Choco Syrup,20220127,8428.00,216
Camilla Castle,UK,Mint Chip Choco,20220526,4977.00,317
Brien Boise,USA,70% Dark Bites,20220414,1694.00,21
Madelene Upcott,Australia,99% Dark & Pure,20220801,4326.00,154
Mallorie Waber,Australia,Eclairs,20220822,9527.00,222
Marney O'Breen,India,99% Dark & Pure,20220722,10766.00,157
Husein Augar,USA,Fruit & Nut Bars,20220428,1288.00,27
Kelci Walkden,Australia,Almond Choco,20220530,4879.00,350
Ches Bonnell,USA,Milk Bars,20220721,2408.00,157
Jan Morforth,UK,Caramel Stuffed Bars,20220802,3094.00,468
Brien Boise,New Zealand,70% Dark Bites,20220615,7231.00,130
Oby Sorrel,India,85% Dark Bars,20220705,8981.00,130
Kaine Padly,New Zealand,Smooth Sliky Salty,20220412,7.00,518
Gigi Bohling,Australia,70% Dark Bites,20220818,1372.00,105
Jan Morforth,UK,50% Dark Bites,20220112,5250.00,293
Gunar Cockshoot,Canada,White Choc,20220811,7560.00,15
Jehu Rudeforth,Australia,Spicy Special Slims,20220113,5012.00,384
Husein Augar,UK,Baker's Choco Chips,20220429,3038.00,135
Rafaelita Blaksland,New Zealand,After Nines,20220707,1099.00,92
Madelene Upcott,New Zealand,Mint Chip Choco,20220311,7413.00,4
Madelene Upcott,UK,70% Dark Bites,20220216,5397.00,239
Barr Faughny,Australia,Organic Choco Syrup,20220107,2303.00,33
Beverie Moffet,New Zealand,Drinking Coco,20220112,1141.00,518
Beverie Moffet,India,Eclairs,20220609,10325.00,147
Andria Kimpton,India,Eclairs,20220516,2149.00,84
Gigi Bohling,UK,85% Dark Bars,20220623,12362.00,94
Roddy Speechley,UK,Raspberry Choco,20220128,12635.00,194
Dotty Strutley,UK,Mint Chip Choco,20220714,2443.00,216
Barr Faughny,Canada,Drinking Coco,20220418,6237.00,247
Oby Sorrel,USA,Milk Bars,20220614,1736.00,79
Oby Sorrel,UK,Orange Choco,20220415,7315.00,237
Curtice Advani,Canada,Peanut Butter Cubes,20220519,4935.00,63
Gigi Bohling,India,White Choc,20220413,1393.00,172
Husein Augar,Canada,Choco Coated Almonds,20220815,3381.00,408
Wilone O'Kielt,India,Choco Coated Almonds,20220822,2933.00,233
Wilone O'Kielt,New Zealand,Baker's Choco Chips,20220422,3836.00,59
Kaine Padly,UK,Choco Coated Almonds,20220803,8022.00,123
Dennison Crosswaite,New Zealand,Organic Choco Syrup,20220104,371.00,229
Kelci Walkden,Canada,After Nines,20220113,16702.00,198
Van Tuxwell,Australia,Baker's Choco Chips,20220511,13258.00,32
Husein Augar,New Zealand,Peanut Butter Cubes,20220216,2058.00,236
Kaine Padly,UK,Caramel Stuffed Bars,20220520,10192.00,67
Jehu Rudeforth,UK,Drinking Coco,20220203,7140.00,438
Beverie Moffet,India,Manuka Honey Choco,20220506,9835.00,167
Gunar Cockshoot,UK,Choco Coated Almonds,20220630,5775.00,135
Gunar Cockshoot,UK,Smooth Sliky Salty,20220322,749.00,148
Camilla Castle,Canada,Orange Choco,20220217,7770.00,54
Jehu Rudeforth,UK,85% Dark Bars,20220707,5502.00,64
Oby Sorrel,UK,70% Dark Bites,20220316,6223.00,181
Kelci Walkden,UK,99% Dark & Pure,20220812,3507.00,114
Gigi Bohling,New Zealand,After Nines,20220121,5600.00,181
Oby Sorrel,Australia,50% Dark Bites,20220506,721.00,151
Oby Sorrel,Canada,50% Dark Bites,20220624,6615.00,137
Barr Faughny,USA,White Choc,20220505,7420.00,163
Rafaelita Blaksland,New Zealand,99% Dark & Pure,20220325,3164.00,84
Curtice Advani,Australia,Caramel Stuffed Bars,20220214,9114.00,140
Curtice Advani,New Zealand,85% Dark Bars,20220512,5404.00,187
Barr Faughny,New Zealand,Smooth Sliky Salty,20220125,3990.00,169
Ches Bonnell,UK,85% Dark Bars,20220628,14924.00,12
Dennison Crosswaite,Australia,Drinking Coco,20220713,7091.00,194
Roddy Speechley,USA,Milk Bars,20220516,2807.00,252
Jan Morforth,India,After Nines,20220314,6496.00,168
Gunar Cockshoot,USA,After Nines,20220815,3738.00,261
Ches Bonnell,India,Orange Choco,20220216,1190.00,256
Mallorie Waber,UK,Manuka Honey Choco,20220615,8379.00,43
Barr Faughny,Australia,Raspberry Choco,20220527,9268.00,100
Wilone O'Kielt,USA,Drinking Coco,20220614,1029.00,98
Wilone O'Kielt,India,Eclairs,20220225,3549.00,76
Wilone O'Kielt,India,After Nines,20220804,12026.00,262
Kelci Walkden,India,99% Dark & Pure,20220628,2303.00,244
Gunar Cockshoot,Canada,Spicy Special Slims,20220405,13405.00,12
Madelene Upcott,Canada,Peanut Butter Cubes,20220705,14763.00,113
Kaine Padly,New Zealand,Eclairs,20220120,12894.00,48
Ches Bonnell,New Zealand,Drinking Coco,20220216,8302.00,131
Curtice Advani,UK,Drinking Coco,20220712,455.00,174
Kelci Walkden,India,Raspberry Choco,20220616,8183.00,254
Dotty Strutley,Australia,Choco Coated Almonds,20220413,1645.00,284
Kaine Padly,UK,50% Dark Bites,20220221,3143.00,67
Roddy Speechley,Canada,Choco Coated Almonds,20220511,5873.00,249
Ches Bonnell,India,50% Dark Bites,20220415,11298.00,313
Oby Sorrel,Canada,Peanut Butter Cubes,20220607,12425.00,167
Oby Sorrel,UK,White Choc,20220627,1715.00,286
Barr Faughny,India,After Nines,20220729,8190.00,109
Wilone O'Kielt,Canada,Smooth Sliky Salty,20220602,4991.00,166
Rafaelita Blaksland,India,Mint Chip Choco,20220126,15491.00,85
Rafaelita Blaksland,Canada,99% Dark & Pure,20220302,5096.00,142
Van Tuxwell,Australia,70% Dark Bites,20220110,7063.00,104
Beverie Moffet,USA,70% Dark Bites,20220627,2275.00,115
Barr Faughny,Canada,Orange Choco,20220630,7602.00,18
Roddy Speechley,Australia,85% Dark Bars,20220708,4200.00,80
Oby Sorrel,India,Spicy Special Slims,20220608,11137.00,88
Jan Morforth,UK,Manuka Honey Choco,20220818,3388.00,212
Kaine Padly,Australia,After Nines,20220408,6832.00,306
Wilone O'Kielt,Canada,Fruit & Nut Bars,20220808,3437.00,181
Wilone O'Kielt,UK,Milk Bars,20220826,301.00,65
Oby Sorrel,Canada,Fruit & Nut Bars,20220114,1869.00,158
Dennison Crosswaite,USA,Baker's Choco Chips,20220811,17465.00,271
Madelene Upcott,USA,Almond Choco,20220531,10143.00,24
Van Tuxwell,New Zealand,50% Dark Bites,20220711,3626.00,10
Karlen McCaffrey,Canada,Caramel Stuffed Bars,20220302,3346.00,304
Madelene Upcott,Australia,Raspberry Choco,20220713,6321.00,88
Rafaelita Blaksland,UK,Spicy Special Slims,20220803,9345.00,133
Curtice Advani,UK,Peanut Butter Cubes,20220301,15008.00,165
Kelci Walkden,New Zealand,White Choc,20220413,7609.00,150
Beverie Moffet,Canada,Fruit & Nut Bars,20220214,10332.00,180
Mallorie Waber,India,White Choc,20220726,819.00,213
Brien Boise,UK,Drinking Coco,20220127,5754.00,133
Jehu Rudeforth,India,Peanut Butter Cubes,20220414,28.00,446
Oby Sorrel,USA,Almond Choco,20220519,6440.00,141
Husein Augar,India,Eclairs,20220209,4956.00,58
Brien Boise,UK,Spicy Special Slims,20220525,2352.00,58
Oby Sorrel,Australia,Manuka Honey Choco,20220126,3906.00,76
Beverie Moffet,India,White Choc,20220704,1813.00,296
Ches Bonnell,India,Almond Choco,20220413,11788.00,73
Gigi Bohling,Australia,Smooth Sliky Salty,20220125,5768.00,119
Camilla Castle,USA,85% Dark Bars,20220425,2401.00,78
Camilla Castle,USA,Eclairs,20220610,4515.00,392
Madelene Upcott,New Zealand,White Choc,20220822,10794.00,51
Van Tuxwell,India,After Nines,20220627,13706.00,207
Husein Augar,India,Orange Choco,20220630,4361.00,40
Jehu Rudeforth,India,Almond Choco,20220830,10122.00,100
Karlen McCaffrey,Australia,Raspberry Choco,20220823,994.00,57
Camilla Castle,New Zealand,99% Dark & Pure,20220826,2268.00,42
Gigi Bohling,Australia,Orange Choco,20220309,574.00,156
Kelci Walkden,UK,Drinking Coco,20220420,1792.00,23
Mallorie Waber,Canada,Caramel Stuffed Bars,20220610,4844.00,539
Husein Augar,Australia,Organic Choco Syrup,20220208,938.00,158
Brien Boise,Australia,White Choc,20220825,4879.00,22
Dotty Strutley,India,Peanut Butter Cubes,20220216,9107.00,73
Dennison Crosswaite,UK,99% Dark & Pure,20220530,12187.00,27
Gigi Bohling,New Zealand,50% Dark Bites,20220629,5670.00,64
Gigi Bohling,USA,Milk Bars,20220616,476.00,133
Brien Boise,UK,Caramel Stuffed Bars,20220304,2681.00,149
Curtice Advani,New Zealand,Peanut Butter Cubes,20220315,1533.00,434
Curtice Advani,New Zealand,50% Dark Bites,20220127,9765.00,85
Beverie Moffet,Canada,Drinking Coco,20220705,994.00,118
Barr Faughny,USA,Caramel Stuffed Bars,20220329,3318.00,299
Mallorie Waber,Canada,Almond Choco,20220512,4214.00,35
Oby Sorrel,USA,Drinking Coco,20220311,7714.00,44
Brien Boise,New Zealand,Eclairs,20220711,4690.00,299
Gunar Cockshoot,New Zealand,Choco Coated Almonds,20220801,13062.00,62
Gunar Cockshoot,UK,Spicy Special Slims,20220216,12488.00,200
Curtice Advani,USA,After Nines,20220413,14147.00,235
Oby Sorrel,India,Choco Coated Almonds,20220214,49.00,363
Ches Bonnell,Australia,Peanut Butter Cubes,20220314,10199.00,68
Oby Sorrel,Australia,Spicy Special Slims,20220426,11389.00,26
Jehu Rudeforth,Canada,Manuka Honey Choco,20220405,3584.00,200
Camilla Castle,Canada,Drinking Coco,20220303,12481.00,264
Kaine Padly,USA,Spicy Special Slims,20220613,2107.00,175
Marney O'Breen,New Zealand,70% Dark Bites,20220214,8603.00,352
Roddy Speechley,New Zealand,99% Dark & Pure,20220418,7483.00,183
Oby Sorrel,New Zealand,85% Dark Bars,20220201,3381.00,417
Dotty Strutley,New Zealand,Orange Choco,20220804,2030.00,146
Andria Kimpton,New Zealand,Almond Choco,20220405,6559.00,158
Karlen McCaffrey,Australia,99% Dark & Pure,20220126,10822.00,168
Kaine Padly,UK,After Nines,20220121,18697.00,176
Kaine Padly,Canada,After Nines,20220822,5845.00,172
Kaine Padly,UK,Drinking Coco,20220127,2317.00,224
Rafaelita Blaksland,UK,50% Dark Bites,20220216,10150.00,68
Dotty Strutley,USA,Raspberry Choco,20220103,3437.00,46
Karlen McCaffrey,USA,White Choc,20220824,4592.00,2
Oby Sorrel,USA,Spicy Special Slims,20220207,5691.00,417
Mallorie Waber,Australia,Smooth Sliky Salty,20220211,4158.00,109
Kaine Padly,Canada,Organic Choco Syrup,20220329,5684.00,81
Marney O'Breen,USA,Peanut Butter Cubes,20220615,693.00,350
Dennison Crosswaite,UK,Smooth Sliky Salty,20220426,546.00,142
Brien Boise,Australia,Organic Choco Syrup,20220715,4263.00,264
Beverie Moffet,India,Organic Choco Syrup,20220623,1036.00,20
Dennison Crosswaite,Australia,Baker's Choco Chips,20220111,13846.00,421
Beverie Moffet,UK,50% Dark Bites,20220209,2499.00,271
Van Tuxwell,UK,Almond Choco,20220606,10689.00,204
Dotty Strutley,UK,Caramel Stuffed Bars,20220810,5768.00,235
Wilone O'Kielt,Australia,Smooth Sliky Salty,20220104,2226.00,46
Andria Kimpton,Canada,70% Dark Bites,20220408,10262.00,15
Barr Faughny,UK,Milk Bars,20220302,3864.00,430
Van Tuxwell,Canada,Drinking Coco,20220615,4900.00,709
Jehu Rudeforth,Australia,After Nines,20220214,5250.00,47
Husein Augar,UK,After Nines,20220705,3507.00,380
Barr Faughny,India,Mint Chip Choco,20220112,7413.00,465
Curtice Advani,India,Mint Chip Choco,20220303,8155.00,96
Jehu Rudeforth,New Zealand,Milk Bars,20220518,2478.00,188
Gunar Cockshoot,India,Caramel Stuffed Bars,20220728,2471.00,202
Curtice Advani,UK,Manuka Honey Choco,20220207,1666.00,106
Andria Kimpton,India,Orange Choco,20220530,301.00,421
Mallorie Waber,Australia,Raspberry Choco,20220425,8400.00,27
Beverie Moffet,Canada,85% Dark Bars,20220216,6139.00,45
Kelci Walkden,Australia,Drinking Coco,20220504,1288.00,60
Van Tuxwell,Canada,70% Dark Bites,20220602,7077.00,77
Dennison Crosswaite,USA,Caramel Stuffed Bars,20220711,2317.00,464
Beverie Moffet,New Zealand,Spicy Special Slims,20220607,63.00,60
Jan Morforth,UK,Almond Choco,20220706,9744.00,157
Husein Augar,India,Raspberry Choco,20220615,9954.00,154
Dotty Strutley,India,Mint Chip Choco,20220414,1260.00,239
Camilla Castle,India,Drinking Coco,20220808,469.00,163
Marney O'Breen,UK,Drinking Coco,20220329,973.00,28
Roddy Speechley,Australia,Organic Choco Syrup,20220704,3647.00,76
Ches Bonnell,India,99% Dark & Pure,20220216,455.00,96
Rafaelita Blaksland,Canada,Spicy Special Slims,20220502,2520.00,156
Van Tuxwell,India,Eclairs,20220721,10500.00,106
Gunar Cockshoot,Australia,99% Dark & Pure,20220818,7952.00,235
Kaine Padly,USA,85% Dark Bars,20220622,483.00,259
Camilla Castle,UK,Peanut Butter Cubes,20220719,4872.00,126
Madelene Upcott,UK,Peanut Butter Cubes,20220812,7756.00,85
Madelene Upcott,USA,Choco Coated Almonds,20220607,5446.00,132
Marney O'Breen,Canada,Peanut Butter Cubes,20220308,6594.00,91
Ches Bonnell,Australia,Choco Coated Almonds,20220408,1470.00,167
Curtice Advani,Canada,Eclairs,20220506,721.00,203
Roddy Speechley,India,Drinking Coco,20220531,4494.00,11
Van Tuxwell,Australia,Mint Chip Choco,20220113,2674.00,295
Dennison Crosswaite,USA,70% Dark Bites,20220315,658.00,77
Andria Kimpton,Canada,Peanut Butter Cubes,20220216,1127.00,319
Gigi Bohling,USA,70% Dark Bites,20220114,7364.00,196
Rafaelita Blaksland,Australia,White Choc,20220321,6818.00,102
Roddy Speechley,Canada,Drinking Coco,20220517,6776.00,312
Camilla Castle,New Zealand,85% Dark Bars,20220808,15099.00,55
Madelene Upcott,Canada,Milk Bars,20220426,3612.00,82
Madelene Upcott,Australia,70% Dark Bites,20220415,3710.00,260
Oby Sorrel,Canada,Eclairs,20220519,6111.00,591
Dennison Crosswaite,Canada,Drinking Coco,20220110,2702.00,24
Mallorie Waber,New Zealand,After Nines,20220504,483.00,228
Roddy Speechley,Canada,White Choc,20220405,5887.00,268
Andria Kimpton,India,After Nines,20220117,952.00,68
Roddy Speechley,India,Spicy Special Slims,20220322,10647.00,173
Dotty Strutley,Australia,White Choc,20220705,6055.00,93
Oby Sorrel,Canada,Orange Choco,20220427,8757.00,338
Kaine Padly,Canada,Almond Choco,20220812,6055.00,73
Jan Morforth,UK,Baker's Choco Chips,20220311,721.00,251
Jehu Rudeforth,UK,Fruit & Nut Bars,20220513,8589.00,229
Dennison Crosswaite,USA,Smooth Sliky Salty,20220512,11781.00,91
Brien Boise,USA,Raspberry Choco,20220112,672.00,194
Madelene Upcott,New Zealand,Milk Bars,20220329,12558.00,403
Roddy Speechley,India,50% Dark Bites,20220314,8337.00,12
Barr Faughny,New Zealand,99% Dark & Pure,20220524,8134.00,195
Dennison Crosswaite,Canada,Organic Choco Syrup,20220128,8491.00,75
Beverie Moffet,India,Almond Choco,20220524,3066.00,96
Brien Boise,Australia,Peanut Butter Cubes,20220819,301.00,205
Karlen McCaffrey,Australia,Spicy Special Slims,20220517,4410.00,323
Jehu Rudeforth,USA,White Choc,20220607,6559.00,119
Ches Bonnell,Canada,Organic Choco Syrup,20220726,574.00,217
Dotty Strutley,India,Eclairs,20220728,2086.00,384
Karlen McCaffrey,India,70% Dark Bites,20220523,5075.00,344
